{"ast":null,"code":"module.exports = {\n  C: {\n    \"4\": 0.0065,\n    \"11\": 0.02601,\n    \"44\": 0.01301,\n    \"48\": 0.0065,\n    \"52\": 0.02601,\n    \"78\": 0.09755,\n    \"91\": 0.0065,\n    \"94\": 0.03902,\n    \"102\": 0.11055,\n    \"108\": 0.01301,\n    \"109\": 0.01301,\n    \"110\": 0.01301,\n    \"111\": 0.01301,\n    \"112\": 0.18859,\n    \"113\": 0.02601,\n    \"114\": 0.04552,\n    \"115\": 0.61779,\n    \"116\": 1.56722,\n    \"117\": 0.05202,\n    _: \"2 3 5 6 7 8 9 10 12 13 14 15 16 17 18 19 20 21 22 23 24 25 26 27 28 29 30 31 32 33 34 35 36 37 38 39 40 41 42 43 45 46 47 49 50 51 53 54 55 56 57 58 59 60 61 62 63 64 65 66 67 68 69 70 71 72 73 74 75 76 77 79 80 81 82 83 84 85 86 87 88 89 90 92 93 95 96 97 98 99 100 101 103 104 105 106 107 118 119 120 3.5 3.6\"\n  },\n  D: {\n    \"48\": 0.03902,\n    \"49\": 0.03902,\n    \"51\": 0.0065,\n    \"56\": 0.13006,\n    \"62\": 0.0065,\n    \"63\": 0.0065,\n    \"65\": 0.01951,\n    \"66\": 0.02601,\n    \"67\": 0.0065,\n    \"68\": 0.10405,\n    \"69\": 0.07804,\n    \"70\": 0.04552,\n    \"71\": 0.05202,\n    \"72\": 0.07153,\n    \"73\": 0.02601,\n    \"74\": 0.09104,\n    \"75\": 0.09104,\n    \"76\": 0.28613,\n    \"77\": 0.06503,\n    \"78\": 0.07804,\n    \"79\": 0.35116,\n    \"80\": 0.2146,\n    \"81\": 0.13656,\n    \"83\": 0.29264,\n    \"84\": 0.08454,\n    \"85\": 0.15607,\n    \"86\": 0.18208,\n    \"87\": 0.16908,\n    \"88\": 0.11705,\n    \"89\": 0.08454,\n    \"90\": 0.11705,\n    \"91\": 0.09755,\n    \"92\": 0.03902,\n    \"93\": 0.33816,\n    \"94\": 0.02601,\n    \"95\": 0.01951,\n    \"96\": 0.02601,\n    \"97\": 0.02601,\n    \"98\": 0.03252,\n    \"99\": 0.03252,\n    \"100\": 0.03902,\n    \"101\": 0.06503,\n    \"102\": 0.06503,\n    \"103\": 0.46822,\n    \"104\": 0.06503,\n    \"105\": 0.07804,\n    \"106\": 0.04552,\n    \"107\": 0.28613,\n    \"108\": 0.39668,\n    \"109\": 1.17054,\n    \"110\": 0.37717,\n    \"111\": 0.71533,\n    \"112\": 0.46171,\n    \"113\": 0.46171,\n    \"114\": 4.5456,\n    \"115\": 18.14337,\n    \"116\": 5.88522,\n    \"117\": 0.02601,\n    \"118\": 0.0065,\n    _: \"4 5 6 7 8 9 10 11 12 13 14 15 16 17 18 19 20 21 22 23 24 25 26 27 28 29 30 31 32 33 34 35 36 37 38 39 40 41 42 43 44 45 46 47 50 52 53 54 55 57 58 59 60 61 64 119\"\n  },\n  F: {\n    \"53\": 0.0065,\n    \"54\": 0.01301,\n    \"55\": 0.01301,\n    \"95\": 0.03252,\n    \"97\": 0.24711,\n    \"98\": 0.0065,\n    \"99\": 0.06503,\n    \"100\": 1.5087,\n    \"101\": 0.62429,\n    \"102\": 0.0065,\n    _: \"9 11 12 15 16 17 18 19 20 21 22 23 24 25 26 27 28 29 30 31 32 33 34 35 36 37 38 39 40 41 42 43 44 45 46 47 48 49 50 51 52 56 57 58 60 62 63 64 65 66 67 68 69 70 71 72 73 74 75 76 77 78 79 80 81 82 83 84 85 86 87 88 89 90 91 92 93 94 96 9.5-9.6 10.5 10.6 11.1 11.5 11.6 12.1\",\n    \"10.0-10.1\": 0\n  },\n  B: {\n    \"15\": 0.0065,\n    \"17\": 0.0065,\n    \"18\": 0.01301,\n    \"79\": 0.0065,\n    \"80\": 0.01301,\n    \"81\": 0.01301,\n    \"83\": 0.01951,\n    \"84\": 0.01951,\n    \"85\": 0.01301,\n    \"86\": 0.01951,\n    \"87\": 0.01301,\n    \"88\": 0.01301,\n    \"89\": 0.01301,\n    \"90\": 0.01301,\n    \"92\": 0.01301,\n    \"99\": 0.04552,\n    \"107\": 0.0065,\n    \"108\": 0.0065,\n    \"109\": 0.08454,\n    \"110\": 0.01301,\n    \"111\": 0.25362,\n    \"112\": 0.26012,\n    \"113\": 0.02601,\n    \"114\": 1.58023,\n    \"115\": 4.28548,\n    \"116\": 1.35262,\n    _: \"12 13 14 16 91 93 94 95 96 97 98 100 101 102 103 104 105 106\"\n  },\n  E: {\n    \"4\": 0,\n    \"9\": 0.0065,\n    \"13\": 0.03902,\n    \"14\": 0.24061,\n    \"15\": 0.03902,\n    \"17\": 0.05202,\n    _: \"0 5 6 7 8 10 11 12 3.1 3.2 5.1 6.1 7.1 10.1\",\n    \"9.1\": 0.4292,\n    \"11.1\": 0.0065,\n    \"12.1\": 0.06503,\n    \"13.1\": 0.31214,\n    \"14.1\": 0.56576,\n    \"15.1\": 0.09104,\n    \"15.2-15.3\": 0.08454,\n    \"15.4\": 0.15607,\n    \"15.5\": 0.27963,\n    \"15.6\": 1.28109,\n    \"16.0\": 0.48773,\n    \"16.1\": 0.4227,\n    \"16.2\": 0.44871,\n    \"16.3\": 0.96244,\n    \"16.4\": 0.46171,\n    \"16.5\": 2.57519,\n    \"16.6\": 3.64168\n  },\n  G: {\n    \"8\": 0,\n    \"17\": 0.12493,\n    \"3.2\": 0,\n    \"4.0-4.1\": 0,\n    \"4.2-4.3\": 0.00174,\n    \"5.0-5.1\": 0,\n    \"6.0-6.1\": 0.00521,\n    \"7.0-7.1\": 0.00521,\n    \"8.1-8.4\": 0.00174,\n    \"9.0-9.2\": 0.01041,\n    \"9.3\": 0.03123,\n    \"10.0-10.2\": 0,\n    \"10.3\": 0.0347,\n    \"11.0-11.2\": 0.01735,\n    \"11.3-11.4\": 0.01562,\n    \"12.0-12.1\": 0.01041,\n    \"12.2-12.5\": 0.15964,\n    \"13.0-13.1\": 0.00521,\n    \"13.2\": 0.00521,\n    \"13.3\": 0.01562,\n    \"13.4-13.7\": 0.0347,\n    \"14.0-14.4\": 0.0937,\n    \"14.5-14.8\": 0.17699,\n    \"15.0-15.1\": 0.06247,\n    \"15.2-15.3\": 0.08329,\n    \"15.4\": 0.08676,\n    \"15.5\": 0.14923,\n    \"15.6-15.7\": 0.9613,\n    \"16.0\": 0.43553,\n    \"16.1\": 1.0845,\n    \"16.2\": 0.51535,\n    \"16.3\": 1.02724,\n    \"16.4\": 0.16831,\n    \"16.5\": 3.43222,\n    \"16.6\": 8.57882\n  },\n  P: {\n    \"4\": 0.01121,\n    \"20\": 0.04484,\n    \"21\": 0.08967,\n    \"22\": 1.06487,\n    \"5.0-5.4\": 0,\n    \"6.2-6.4\": 0,\n    \"7.2-7.4\": 0.19386,\n    \"8.2\": 0,\n    \"9.2\": 0.02041,\n    \"10.1\": 0,\n    \"11.1-11.2\": 0.01055,\n    \"12.0\": 0.0102,\n    \"13.0\": 0.0211,\n    \"14.0\": 0.01055,\n    \"15.0\": 0.02041,\n    \"16.0\": 0.01055,\n    \"17.0\": 0.01121,\n    \"18.0\": 0.01121,\n    \"19.0\": 0.02242\n  },\n  I: {\n    \"0\": 0,\n    \"3\": 0.00574,\n    \"4\": 0.00766,\n    \"2.1\": 0.00287,\n    \"2.2\": 0.00861,\n    \"2.3\": 0.00191,\n    \"4.1\": 0.00479,\n    \"4.2-4.3\": 0.02584,\n    \"4.4\": 0,\n    \"4.4.3-4.4.4\": 0.0335\n  },\n  K: {\n    _: \"0 10 11 12 11.1 11.5 12.1\"\n  },\n  A: {\n    \"8\": 0.01445,\n    \"9\": 0.02168,\n    \"11\": 0.09393,\n    _: \"6 7 10 5.5\"\n  },\n  S: {\n    \"2.5\": 0,\n    _: \"3.0-3.1\"\n  },\n  J: {\n    \"7\": 0,\n    \"10\": 0\n  },\n  N: {\n    \"10\": 0,\n    \"11\": 0\n  },\n  L: {\n    \"0\": 16.06545\n  },\n  R: {\n    _: \"0\"\n  },\n  M: {\n    \"0\": 0.28326\n  },\n  Q: {\n    \"13.1\": 0.02098\n  },\n  O: {\n    \"0\": 0.06644\n  },\n  H: {\n    \"0\": 0.19533\n  }\n};","map":{"version":3,"names":["module","exports","C","_","D","F","B","E","G","P","I","K","A","S","J","N","L","R","M","Q","O","H"],"sources":["/Users/albertformatger/Documents/GitHub/web_musica/node_modules/caniuse-lite/data/regions/alt-na.js"],