{"ast":null,"code":"module.exports = {\n  C: {\n    \"38\": 0.00442,\n    \"48\": 0.01768,\n    \"52\": 0.11931,\n    \"57\": 0.00442,\n    \"63\": 0.00884,\n    \"66\": 0.00884,\n    \"68\": 0.03977,\n    \"78\": 0.0221,\n    \"87\": 0.06187,\n    \"91\": 0.0221,\n    \"101\": 0.00884,\n    \"102\": 0.22095,\n    \"103\": 0.01768,\n    \"104\": 0.00884,\n    \"109\": 0.00884,\n    \"111\": 0.00442,\n    \"112\": 0.00442,\n    \"113\": 0.02651,\n    \"114\": 0.0221,\n    \"115\": 0.70704,\n    \"116\": 1.33454,\n    \"117\": 0.04419,\n    _: \"2 3 4 5 6 7 8 9 10 11 12 13 14 15 16 17 18 19 20 21 22 23 24 25 26 27 28 29 30 31 32 33 34 35 36 37 39 40 41 42 43 44 45 46 47 49 50 51 53 54 55 56 58 59 60 61 62 64 65 67 69 70 71 72 73 74 75 76 77 79 80 81 82 83 84 85 86 88 89 90 92 93 94 95 96 97 98 99 100 105 106 107 108 110 118 119 120 3.5\",\n    \"3.6\": 0.06629\n  },\n  D: {\n    \"31\": 0.00442,\n    \"33\": 0.00442,\n    \"37\": 0.00442,\n    \"38\": 0.00884,\n    \"39\": 0.00442,\n    \"40\": 0.00442,\n    \"41\": 0.00884,\n    \"42\": 0.00884,\n    \"43\": 0.00884,\n    \"44\": 0.01326,\n    \"45\": 0.01326,\n    \"46\": 0.00884,\n    \"47\": 0.01326,\n    \"49\": 0.06187,\n    \"51\": 0.01768,\n    \"53\": 0.00884,\n    \"55\": 0.00442,\n    \"56\": 0.01768,\n    \"57\": 0.00442,\n    \"58\": 0.00442,\n    \"60\": 0.00442,\n    \"63\": 0.00442,\n    \"64\": 0.00442,\n    \"66\": 0.00442,\n    \"67\": 0.00884,\n    \"68\": 0.00884,\n    \"69\": 0.00884,\n    \"70\": 0.0221,\n    \"71\": 0.00442,\n    \"72\": 0.00884,\n    \"73\": 0.00442,\n    \"74\": 0.01326,\n    \"75\": 0.00884,\n    \"76\": 0.01326,\n    \"77\": 0.00884,\n    \"78\": 0.00884,\n    \"79\": 0.05745,\n    \"80\": 0.03535,\n    \"81\": 0.01326,\n    \"83\": 0.01326,\n    \"84\": 0.01326,\n    \"85\": 0.0221,\n    \"86\": 0.03093,\n    \"87\": 0.01768,\n    \"88\": 0.01768,\n    \"89\": 0.00884,\n    \"90\": 0.02651,\n    \"91\": 0.0221,\n    \"92\": 0.00884,\n    \"93\": 0.00442,\n    \"94\": 0.01326,\n    \"95\": 0.00442,\n    \"96\": 0.00442,\n    \"97\": 0.01326,\n    \"98\": 0.02651,\n    \"99\": 0.01768,\n    \"100\": 0.01768,\n    \"101\": 0.02651,\n    \"102\": 0.10606,\n    \"103\": 0.03535,\n    \"104\": 0.22979,\n    \"105\": 0.14583,\n    \"106\": 0.12815,\n    \"107\": 0.08396,\n    \"108\": 0.83519,\n    \"109\": 4.45877,\n    \"110\": 0.03977,\n    \"111\": 0.06629,\n    \"112\": 0.11048,\n    \"113\": 0.2784,\n    \"114\": 1.03405,\n    \"115\": 14.10545,\n    \"116\": 7.31786,\n    \"117\": 0.0221,\n    \"118\": 0.01326,\n    _: \"4 5 6 7 8 9 10 11 12 13 14 15 16 17 18 19 20 21 22 23 24 25 26 27 28 29 30 32 34 35 36 48 50 52 54 59 61 62 65 119\"\n  },\n  F: {\n    \"82\": 0.01768,\n    \"85\": 0.06187,\n    \"89\": 0.01326,\n    \"93\": 0.00884,\n    \"94\": 0.00442,\n    \"95\": 0.54796,\n    \"99\": 0.03535,\n    \"100\": 1.40524,\n    \"101\": 1.43618,\n    \"102\": 0.00884,\n    _: \"9 11 12 15 16 17 18 19 20 21 22 23 24 25 26 27 28 29 30 31 32 33 34 35 36 37 38 39 40 41 42 43 44 45 46 47 48 49 50 51 52 53 54 55 56 57 58 60 62 63 64 65 66 67 68 69 70 71 72 73 74 75 76 77 78 79 80 81 83 84 86 87 88 90 91 92 96 97 98 9.5-9.6 10.5 10.6 11.1 11.5 11.6\",\n    \"10.0-10.1\": 0,\n    \"12.1\": 0.00884\n  },\n  B: {\n    \"16\": 0.00442,\n    \"18\": 0.01326,\n    \"90\": 0.00884,\n    \"92\": 0.00884,\n    \"104\": 0.00884,\n    \"105\": 0.03977,\n    \"107\": 0.00442,\n    \"108\": 0.0221,\n    \"109\": 0.01768,\n    \"110\": 0.02651,\n    \"113\": 0.00442,\n    \"114\": 0.06187,\n    \"115\": 1.64387,\n    \"116\": 0.49051,\n    _: \"12 13 14 15 17 79 80 81 83 84 85 86 87 88 89 91 93 94 95 96 97 98 99 100 101 102 103 106 111 112\"\n  },\n  E: {\n    \"4\": 0,\n    \"9\": 0.01768,\n    \"14\": 0.00884,\n    \"15\": 0.00442,\n    \"17\": 0.0221,\n    _: \"0 5 6 7 8 10 11 12 13 3.1 3.2 6.1 7.1 10.1 11.1\",\n    \"5.1\": 0.00884,\n    \"9.1\": 0.01326,\n    \"12.1\": 0.00442,\n    \"13.1\": 0.03093,\n    \"14.1\": 0.06629,\n    \"15.1\": 0.00884,\n    \"15.2-15.3\": 0.01326,\n    \"15.4\": 0.05745,\n    \"15.5\": 0.02651,\n    \"15.6\": 0.20769,\n    \"16.0\": 0.04861,\n    \"16.1\": 0.07512,\n    \"16.2\": 0.0707,\n    \"16.3\": 0.10606,\n    \"16.4\": 0.03535,\n    \"16.5\": 0.33584,\n    \"16.6\": 0.2563\n  },\n  G: {\n    \"8\": 0,\n    \"17\": 0.1643,\n    \"3.2\": 0,\n    \"4.0-4.1\": 0,\n    \"4.2-4.3\": 0,\n    \"5.0-5.1\": 0.00245,\n    \"6.0-6.1\": 0,\n    \"7.0-7.1\": 0.01104,\n    \"8.1-8.4\": 0.01226,\n    \"9.0-9.2\": 0.00245,\n    \"9.3\": 0.03311,\n    \"10.0-10.2\": 0,\n    \"10.3\": 0.02697,\n    \"11.0-11.2\": 0.03188,\n    \"11.3-11.4\": 0.00736,\n    \"12.0-12.1\": 0.01349,\n    \"12.2-12.5\": 0.12507,\n    \"13.0-13.1\": 0.00368,\n    \"13.2\": 0.00368,\n    \"13.3\": 0.02452,\n    \"13.4-13.7\": 0.01962,\n    \"14.0-14.4\": 0.07602,\n    \"14.5-14.8\": 0.17779,\n    \"15.0-15.1\": 0.05272,\n    \"15.2-15.3\": 0.07234,\n    \"15.4\": 0.04782,\n    \"15.5\": 0.18269,\n    \"15.6-15.7\": 0.92205,\n    \"16.0\": 0.56034,\n    \"16.1\": 0.83622,\n    \"16.2\": 0.46103,\n    \"16.3\": 0.84726,\n    \"16.4\": 0.18147,\n    \"16.5\": 2.57733,\n    \"16.6\": 4.77334\n  },\n  P: {\n    \"4\": 0.09448,\n    \"20\": 0.08398,\n    \"21\": 0.13647,\n    \"5.0-5.4\": 0,\n    \"6.2-6.4\": 0,\n    \"7.2-7.4\": 0.021,\n    \"8.2\": 0,\n    \"9.2\": 0,\n    \"10.1\": 0,\n    \"11.1-11.2\": 0.021,\n    \"12.0\": 0,\n    \"13.0\": 0.04199,\n    \"14.0\": 0.02089,\n    \"15.0\": 0.021,\n    \"16.0\": 0,\n    \"17.0\": 0.021,\n    \"18.0\": 0.0105,\n    \"19.0\": 0.05249\n  },\n  I: {\n    \"0\": 0,\n    \"3\": 0.00145,\n    \"4\": 0.01017,\n    \"2.1\": 0.00145,\n    \"2.2\": 0.00436,\n    \"2.3\": 0.00581,\n    \"4.1\": 0.01017,\n    \"4.2-4.3\": 0.01453,\n    \"4.4\": 0,\n    \"4.4.3-4.4.4\": 0.0581\n  },\n  K: {\n    _: \"0 10 11 12 11.1 11.5 12.1\"\n  },\n  A: {\n    \"6\": 0.00442,\n    \"7\": 0.00442,\n    \"8\": 0.0707,\n    \"9\": 0.00884,\n    \"10\": 0.01326,\n    \"11\": 0.36678,\n    _: \"5.5\"\n  },\n  S: {\n    \"2.5\": 0,\n    _: \"3.0-3.1\"\n  },\n  J: {\n    \"7\": 0,\n    \"10\": 0.00558\n  },\n  N: {\n    \"10\": 0,\n    \"11\": 0\n  },\n  L: {\n    \"0\": 41.83987\n  },\n  R: {\n    _: \"0\"\n  },\n  M: {\n    \"0\": 0.19534\n  },\n  Q: {\n    \"13.1\": 0\n  },\n  O: {\n    \"0\": 0.06697\n  },\n  H: {\n    \"0\": 0.31702\n  }\n};","map":{"version":3,"names":["module","exports","C","_","D","F","B","E","G","P","I","K","A","S","J","N","L","R","M","Q","O","H"],"sources":["/Users/albertformatger/Documents/GitHub/web_musica/node_modules/caniuse-lite/data/regions/MD.js"],