{"ast":null,"code":"module.exports = {\n  C: {\n    \"34\": 0.00583,\n    \"36\": 0.00583,\n    \"43\": 0.0175,\n    \"52\": 0.05834,\n    \"56\": 0.00875,\n    \"72\": 0.07293,\n    \"78\": 0.00583,\n    \"83\": 0.01459,\n    \"88\": 0.00583,\n    \"102\": 0.0175,\n    \"103\": 0.00292,\n    \"107\": 0.00292,\n    \"108\": 0.00583,\n    \"109\": 0.00583,\n    \"110\": 0.00583,\n    \"111\": 0.00583,\n    \"112\": 0.00583,\n    \"113\": 0.01459,\n    \"114\": 0.01459,\n    \"115\": 0.37921,\n    \"116\": 0.62424,\n    \"117\": 0.02625,\n    _: \"2 3 4 5 6 7 8 9 10 11 12 13 14 15 16 17 18 19 20 21 22 23 24 25 26 27 28 29 30 31 32 33 35 37 38 39 40 41 42 44 45 46 47 48 49 50 51 53 54 55 57 58 59 60 61 62 63 64 65 66 67 68 69 70 71 73 74 75 76 77 79 80 81 82 84 85 86 87 89 90 91 92 93 94 95 96 97 98 99 100 101 104 105 106 118 119 120 3.5 3.6\"\n  },\n  D: {\n    \"11\": 0.00292,\n    \"34\": 0.00583,\n    \"35\": 0.00583,\n    \"38\": 0.02334,\n    \"47\": 0.00292,\n    \"48\": 0.00875,\n    \"49\": 0.02334,\n    \"50\": 0.02917,\n    \"53\": 0.01459,\n    \"55\": 0.00583,\n    \"56\": 0.00583,\n    \"57\": 0.00583,\n    \"61\": 0.00875,\n    \"62\": 0.00292,\n    \"63\": 0.00583,\n    \"65\": 0.00583,\n    \"66\": 0.00875,\n    \"67\": 0.00292,\n    \"68\": 0.00875,\n    \"69\": 0.09918,\n    \"70\": 0.04959,\n    \"71\": 0.00875,\n    \"72\": 0.00583,\n    \"73\": 0.05251,\n    \"74\": 0.04376,\n    \"75\": 0.035,\n    \"76\": 0.00583,\n    \"77\": 0.01167,\n    \"78\": 0.02334,\n    \"79\": 0.14293,\n    \"80\": 0.0175,\n    \"81\": 0.02042,\n    \"83\": 0.03792,\n    \"84\": 0.00875,\n    \"85\": 0.02042,\n    \"86\": 0.06417,\n    \"87\": 0.05542,\n    \"88\": 0.01167,\n    \"89\": 0.0175,\n    \"90\": 0.02334,\n    \"91\": 0.02625,\n    \"92\": 0.03792,\n    \"93\": 0.01167,\n    \"94\": 0.035,\n    \"95\": 0.02042,\n    \"96\": 0.02042,\n    \"97\": 0.03209,\n    \"98\": 0.11668,\n    \"99\": 0.06126,\n    \"100\": 0.035,\n    \"101\": 0.02334,\n    \"102\": 0.02334,\n    \"103\": 0.07001,\n    \"104\": 0.02334,\n    \"105\": 0.02917,\n    \"106\": 0.035,\n    \"107\": 0.04376,\n    \"108\": 0.07293,\n    \"109\": 2.36277,\n    \"110\": 0.03792,\n    \"111\": 0.07876,\n    \"112\": 0.10501,\n    \"113\": 0.12835,\n    \"114\": 0.7555,\n    \"115\": 9.09229,\n    \"116\": 4.9764,\n    \"117\": 0.0175,\n    \"118\": 0.00583,\n    _: \"4 5 6 7 8 9 10 12 13 14 15 16 17 18 19 20 21 22 23 24 25 26 27 28 29 30 31 32 33 36 37 39 40 41 42 43 44 45 46 51 52 54 58 59 60 64 119\"\n  },\n  F: {\n    \"28\": 0.00875,\n    \"36\": 0.00583,\n    \"46\": 0.02625,\n    \"95\": 0.03209,\n    \"99\": 0.00583,\n    \"100\": 0.15168,\n    \"101\": 0.15752,\n    \"102\": 0.00292,\n    _: \"9 11 12 15 16 17 18 19 20 21 22 23 24 25 26 27 29 30 31 32 33 34 35 37 38 39 40 41 42 43 44 45 47 48 49 50 51 52 53 54 55 56 57 58 60 62 63 64 65 66 67 68 69 70 71 72 73 74 75 76 77 78 79 80 81 82 83 84 85 86 87 88 89 90 91 92 93 94 96 97 98 9.5-9.6 10.5 10.6 11.1 11.5 11.6 12.1\",\n    \"10.0-10.1\": 0\n  },\n  B: {\n    \"17\": 0.00292,\n    \"18\": 0.01167,\n    \"92\": 0.01459,\n    \"106\": 0.00292,\n    \"107\": 0.00875,\n    \"108\": 0.01459,\n    \"109\": 0.08168,\n    \"110\": 0.0175,\n    \"111\": 0.0175,\n    \"112\": 0.0175,\n    \"113\": 0.04667,\n    \"114\": 0.10793,\n    \"115\": 1.99523,\n    \"116\": 0.64466,\n    _: \"12 13 14 15 16 79 80 81 83 84 85 86 87 88 89 90 91 93 94 95 96 97 98 99 100 101 102 103 104 105\"\n  },\n  E: {\n    \"4\": 0,\n    \"13\": 0.00875,\n    \"14\": 0.03792,\n    \"15\": 0.00583,\n    \"17\": 0.00875,\n    _: \"0 5 6 7 8 9 10 11 12 3.1 3.2 6.1 7.1 10.1 11.1\",\n    \"5.1\": 0.00875,\n    \"9.1\": 0.00292,\n    \"12.1\": 0.00875,\n    \"13.1\": 0.035,\n    \"14.1\": 0.09334,\n    \"15.1\": 0.01459,\n    \"15.2-15.3\": 0.01167,\n    \"15.4\": 0.03209,\n    \"15.5\": 0.05251,\n    \"15.6\": 0.19252,\n    \"16.0\": 0.01459,\n    \"16.1\": 0.05834,\n    \"16.2\": 0.04959,\n    \"16.3\": 0.13418,\n    \"16.4\": 0.04376,\n    \"16.5\": 0.35879,\n    \"16.6\": 0.53381\n  },\n  G: {\n    \"8\": 0,\n    \"17\": 0.06705,\n    \"3.2\": 0,\n    \"4.0-4.1\": 0,\n    \"4.2-4.3\": 0.00568,\n    \"5.0-5.1\": 0.00455,\n    \"6.0-6.1\": 0.00341,\n    \"7.0-7.1\": 0.01591,\n    \"8.1-8.4\": 0.00568,\n    \"9.0-9.2\": 0.00682,\n    \"9.3\": 0.03523,\n    \"10.0-10.2\": 0.00568,\n    \"10.3\": 0.06364,\n    \"11.0-11.2\": 0.02273,\n    \"11.3-11.4\": 0.0125,\n    \"12.0-12.1\": 0.01932,\n    \"12.2-12.5\": 0.29319,\n    \"13.0-13.1\": 0.01136,\n    \"13.2\": 0.01364,\n    \"13.3\": 0.02273,\n    \"13.4-13.7\": 0.08296,\n    \"14.0-14.4\": 0.21137,\n    \"14.5-14.8\": 0.34433,\n    \"15.0-15.1\": 0.12614,\n    \"15.2-15.3\": 0.1341,\n    \"15.4\": 0.16478,\n    \"15.5\": 0.20342,\n    \"15.6-15.7\": 1.23755,\n    \"16.0\": 0.41706,\n    \"16.1\": 0.6898,\n    \"16.2\": 0.39888,\n    \"16.3\": 0.7648,\n    \"16.4\": 0.25342,\n    \"16.5\": 1.93303,\n    \"16.6\": 3.78878\n  },\n  P: {\n    \"4\": 0.1991,\n    \"20\": 0.10479,\n    \"21\": 0.2515,\n    \"5.0-5.4\": 0.02096,\n    \"6.2-6.4\": 0,\n    \"7.2-7.4\": 0.0524,\n    \"8.2\": 0,\n    \"9.2\": 0,\n    \"10.1\": 0,\n    \"11.1-11.2\": 0.02096,\n    \"12.0\": 0,\n    \"13.0\": 0.02096,\n    \"14.0\": 0.03144,\n    \"15.0\": 0.01048,\n    \"16.0\": 0.04192,\n    \"17.0\": 0.0524,\n    \"18.0\": 0.04192,\n    \"19.0\": 0.07335\n  },\n  I: {\n    \"0\": 0,\n    \"3\": 0,\n    \"4\": 0,\n    \"2.1\": 0,\n    \"2.2\": 0,\n    \"2.3\": 0,\n    \"4.1\": 0.12455,\n    \"4.2-4.3\": 0.04152,\n    \"4.4\": 0,\n    \"4.4.3-4.4.4\": 0.43591\n  },\n  K: {\n    _: \"0 10 11 12 11.1 11.5 12.1\"\n  },\n  A: {\n    \"8\": 0.02849,\n    \"9\": 0.05699,\n    \"11\": 0.89755,\n    _: \"6 7 10 5.5\"\n  },\n  S: {\n    \"2.5\": 0.12039,\n    _: \"3.0-3.1\"\n  },\n  J: {\n    \"7\": 0,\n    \"10\": 0\n  },\n  N: {\n    \"10\": 0,\n    \"11\": 0\n  },\n  L: {\n    \"0\": 53.14092\n  },\n  R: {\n    _: \"0\"\n  },\n  M: {\n    \"0\": 0.1558\n  },\n  Q: {\n    \"13.1\": 0.38951\n  },\n  O: {\n    \"0\": 2.19542\n  },\n  H: {\n    \"0\": 1.24038\n  }\n};","map":{"version":3,"names":["module","exports","C","_","D","F","B","E","G","P","I","K","A","S","J","N","L","R","M","Q","O","H"],"sources":["/Users/albertformatger/Documents/GitHub/web_musica/node_modules/caniuse-lite/data/regions/alt-as.js"],