{"ast":null,"code":"module.exports = {\n  C: {\n    \"34\": 0.0047,\n    \"43\": 0.00235,\n    \"47\": 0.00235,\n    \"50\": 0.00235,\n    \"52\": 0.02587,\n    \"53\": 0.00706,\n    \"60\": 0.00235,\n    \"65\": 0.00235,\n    \"72\": 0.0047,\n    \"77\": 0.0047,\n    \"78\": 0.00941,\n    \"91\": 0.00235,\n    \"95\": 0.00235,\n    \"99\": 0.0047,\n    \"102\": 0.02352,\n    \"104\": 0.0047,\n    \"105\": 0.0047,\n    \"106\": 0.00235,\n    \"107\": 0.00235,\n    \"108\": 0.0047,\n    \"109\": 0.0047,\n    \"110\": 0.00706,\n    \"111\": 0.0047,\n    \"112\": 0.00941,\n    \"113\": 0.01176,\n    \"114\": 0.02117,\n    \"115\": 0.48922,\n    \"116\": 0.66091,\n    \"117\": 0.03293,\n    _: \"2 3 4 5 6 7 8 9 10 11 12 13 14 15 16 17 18 19 20 21 22 23 24 25 26 27 28 29 30 31 32 33 35 36 37 38 39 40 41 42 44 45 46 48 49 51 54 55 56 57 58 59 61 62 63 64 66 67 68 69 70 71 73 74 75 76 79 80 81 82 83 84 85 86 87 88 89 90 92 93 94 96 97 98 100 101 103 118 119 120 3.5 3.6\"\n  },\n  D: {\n    \"11\": 0.00235,\n    \"31\": 0.0047,\n    \"38\": 0.0047,\n    \"43\": 0.01646,\n    \"47\": 0.0047,\n    \"49\": 0.01646,\n    \"50\": 0.0047,\n    \"56\": 0.0047,\n    \"58\": 0.01882,\n    \"59\": 0.00235,\n    \"62\": 0.00235,\n    \"63\": 0.00706,\n    \"64\": 0.0047,\n    \"65\": 0.0047,\n    \"66\": 0.0047,\n    \"67\": 0.02117,\n    \"68\": 0.00706,\n    \"69\": 0.0047,\n    \"70\": 0.00941,\n    \"71\": 0.0047,\n    \"72\": 0.00706,\n    \"73\": 0.0047,\n    \"74\": 0.00941,\n    \"75\": 0.00706,\n    \"76\": 0.00941,\n    \"77\": 0.00706,\n    \"78\": 0.0047,\n    \"79\": 0.04704,\n    \"80\": 0.00941,\n    \"81\": 0.01646,\n    \"83\": 0.01176,\n    \"84\": 0.0047,\n    \"85\": 0.00941,\n    \"86\": 0.01411,\n    \"87\": 0.02587,\n    \"88\": 0.01646,\n    \"89\": 0.00706,\n    \"90\": 0.00941,\n    \"91\": 0.01411,\n    \"92\": 0.00941,\n    \"93\": 0.12701,\n    \"94\": 0.01646,\n    \"95\": 0.01411,\n    \"96\": 0.00706,\n    \"97\": 0.00706,\n    \"98\": 0.01882,\n    \"99\": 0.02587,\n    \"100\": 0.00941,\n    \"101\": 0.00706,\n    \"102\": 0.02587,\n    \"103\": 0.0541,\n    \"104\": 0.01411,\n    \"105\": 0.02352,\n    \"106\": 0.02352,\n    \"107\": 0.02587,\n    \"108\": 0.04234,\n    \"109\": 1.86514,\n    \"110\": 0.02117,\n    \"111\": 0.04234,\n    \"112\": 0.05174,\n    \"113\": 0.07056,\n    \"114\": 0.45864,\n    \"115\": 6.11285,\n    \"116\": 3.4692,\n    \"117\": 0.00941,\n    \"118\": 0.00235,\n    _: \"4 5 6 7 8 9 10 12 13 14 15 16 17 18 19 20 21 22 23 24 25 26 27 28 29 30 32 33 34 35 36 37 39 40 41 42 44 45 46 48 51 52 53 54 55 57 60 61 119\"\n  },\n  F: {\n    \"28\": 0.0047,\n    \"46\": 0.00235,\n    \"73\": 0.00235,\n    \"74\": 0.0047,\n    \"76\": 0.00706,\n    \"77\": 0.00235,\n    \"79\": 0.01411,\n    \"82\": 0.00235,\n    \"84\": 0.00235,\n    \"85\": 0.0047,\n    \"95\": 0.05645,\n    \"98\": 0.00235,\n    \"99\": 0.01882,\n    \"100\": 0.20462,\n    \"101\": 0.30106,\n    \"102\": 0.00706,\n    _: \"9 11 12 15 16 17 18 19 20 21 22 23 24 25 26 27 29 30 31 32 33 34 35 36 37 38 39 40 41 42 43 44 45 47 48 49 50 51 52 53 54 55 56 57 58 60 62 63 64 65 66 67 68 69 70 71 72 75 78 80 81 83 86 87 88 89 90 91 92 93 94 96 97 9.5-9.6 10.5 10.6 11.1 11.5 11.6 12.1\",\n    \"10.0-10.1\": 0\n  },\n  B: {\n    \"12\": 0.00706,\n    \"13\": 0.00235,\n    \"14\": 0.00235,\n    \"15\": 0.00235,\n    \"16\": 0.00235,\n    \"17\": 0.0047,\n    \"18\": 0.01882,\n    \"84\": 0.0047,\n    \"89\": 0.0047,\n    \"90\": 0.0047,\n    \"92\": 0.02117,\n    \"95\": 0.00235,\n    \"100\": 0.00235,\n    \"106\": 0.00235,\n    \"107\": 0.0047,\n    \"108\": 0.0047,\n    \"109\": 0.04234,\n    \"110\": 0.00706,\n    \"111\": 0.00706,\n    \"112\": 0.01646,\n    \"113\": 0.01646,\n    \"114\": 0.09408,\n    \"115\": 1.54056,\n    \"116\": 0.5292,\n    _: \"79 80 81 83 85 86 87 88 91 93 94 96 97 98 99 101 102 103 104 105\"\n  },\n  E: {\n    \"4\": 0,\n    \"13\": 0.0047,\n    \"14\": 0.01411,\n    \"15\": 0.00235,\n    \"17\": 0.0047,\n    _: \"0 5 6 7 8 9 10 11 12 3.1 3.2 6.1 7.1 9.1 10.1\",\n    \"5.1\": 0.03293,\n    \"11.1\": 0.00235,\n    \"12.1\": 0.0047,\n    \"13.1\": 0.02587,\n    \"14.1\": 0.03058,\n    \"15.1\": 0.01176,\n    \"15.2-15.3\": 0.00706,\n    \"15.4\": 0.00941,\n    \"15.5\": 0.01176,\n    \"15.6\": 0.07291,\n    \"16.0\": 0.00706,\n    \"16.1\": 0.02117,\n    \"16.2\": 0.01882,\n    \"16.3\": 0.04469,\n    \"16.4\": 0.02352,\n    \"16.5\": 0.12936,\n    \"16.6\": 0.15994\n  },\n  G: {\n    \"8\": 0.00269,\n    \"17\": 0.0646,\n    \"3.2\": 0,\n    \"4.0-4.1\": 0,\n    \"4.2-4.3\": 0,\n    \"5.0-5.1\": 0.00179,\n    \"6.0-6.1\": 0.00179,\n    \"7.0-7.1\": 0.02512,\n    \"8.1-8.4\": 0.00179,\n    \"9.0-9.2\": 0.00179,\n    \"9.3\": 0.04038,\n    \"10.0-10.2\": 0.0009,\n    \"10.3\": 0.04397,\n    \"11.0-11.2\": 0.01256,\n    \"11.3-11.4\": 0.00628,\n    \"12.0-12.1\": 0.02602,\n    \"12.2-12.5\": 0.46658,\n    \"13.0-13.1\": 0.01256,\n    \"13.2\": 0.05204,\n    \"13.3\": 0.01974,\n    \"13.4-13.7\": 0.05563,\n    \"14.0-14.4\": 0.20637,\n    \"14.5-14.8\": 0.24675,\n    \"15.0-15.1\": 0.17317,\n    \"15.2-15.3\": 0.11664,\n    \"15.4\": 0.10139,\n    \"15.5\": 0.16869,\n    \"15.6-15.7\": 1.13055,\n    \"16.0\": 0.30597,\n    \"16.1\": 0.4585,\n    \"16.2\": 0.2611,\n    \"16.3\": 0.54464,\n    \"16.4\": 0.22073,\n    \"16.5\": 1.54688,\n    \"16.6\": 2.65231\n  },\n  P: {\n    \"4\": 0.17345,\n    \"20\": 0.14284,\n    \"21\": 0.31629,\n    \"22\": 2.44872,\n    \"5.0-5.4\": 0,\n    \"6.2-6.4\": 0,\n    \"7.2-7.4\": 0.19386,\n    \"8.2\": 0,\n    \"9.2\": 0.02041,\n    \"10.1\": 0,\n    \"11.1-11.2\": 0.03061,\n    \"12.0\": 0.0102,\n    \"13.0\": 0.04081,\n    \"14.0\": 0.04081,\n    \"15.0\": 0.02041,\n    \"16.0\": 0.07142,\n    \"17.0\": 0.05101,\n    \"18.0\": 0.05101,\n    \"19.0\": 0.11223\n  },\n  I: {\n    \"0\": 0,\n    \"3\": 0,\n    \"4\": 0,\n    \"2.1\": 0,\n    \"2.2\": 0,\n    \"2.3\": 0,\n    \"4.1\": 0.00208,\n    \"4.2-4.3\": 0.00728,\n    \"4.4\": 0,\n    \"4.4.3-4.4.4\": 0.06711\n  },\n  K: {\n    _: \"0 10 11 12 11.1 11.5 12.1\"\n  },\n  A: {\n    \"8\": 0.00503,\n    \"11\": 0.06788,\n    _: \"6 7 9 10 5.5\"\n  },\n  S: {\n    \"2.5\": 0.07647,\n    _: \"3.0-3.1\"\n  },\n  J: {\n    \"7\": 0,\n    \"10\": 0\n  },\n  N: {\n    \"10\": 0,\n    \"11\": 0\n  },\n  L: {\n    \"0\": 58.6146\n  },\n  R: {\n    _: \"0\"\n  },\n  M: {\n    \"0\": 0.25235\n  },\n  Q: {\n    \"13.1\": 0\n  },\n  O: {\n    \"0\": 0.55058\n  },\n  H: {\n    \"0\": 8.60799\n  }\n};","map":{"version":3,"names":["module","exports","C","_","D","F","B","E","G","P","I","K","A","S","J","N","L","R","M","Q","O","H"],"sources":["/Users/albertformatger/Documents/GitHub/web_musica/node_modules/caniuse-lite/data/regions/alt-af.js"],