{"ast":null,"code":"module.exports = {\n  C: {\n    \"45\": 0.00915,\n    \"48\": 0.01373,\n    \"50\": 0.01373,\n    \"52\": 0.06863,\n    \"53\": 0.0183,\n    \"56\": 0.00915,\n    \"59\": 0.01373,\n    \"68\": 0.00458,\n    \"78\": 0.04118,\n    \"83\": 0.00458,\n    \"87\": 0.01373,\n    \"88\": 0.00458,\n    \"89\": 0.00915,\n    \"90\": 0.01373,\n    \"91\": 0.00915,\n    \"102\": 0.2196,\n    \"103\": 0.08693,\n    \"104\": 0.00458,\n    \"105\": 0.01373,\n    \"106\": 0.00915,\n    \"107\": 0.01373,\n    \"108\": 0.0183,\n    \"109\": 0.01373,\n    \"110\": 0.01373,\n    \"111\": 0.03203,\n    \"112\": 0.0183,\n    \"113\": 0.0549,\n    \"114\": 0.05033,\n    \"115\": 1.02023,\n    \"116\": 3.0378,\n    \"117\": 0.11438,\n    _: \"2 3 4 5 6 7 8 9 10 11 12 13 14 15 16 17 18 19 20 21 22 23 24 25 26 27 28 29 30 31 32 33 34 35 36 37 38 39 40 41 42 43 44 46 47 49 51 54 55 57 58 60 61 62 63 64 65 66 67 69 70 71 72 73 74 75 76 77 79 80 81 82 84 85 86 92 93 94 95 96 97 98 99 100 101 118 119 120 3.5 3.6\"\n  },\n  D: {\n    \"34\": 0.00458,\n    \"38\": 0.01373,\n    \"43\": 0.00458,\n    \"47\": 0.00458,\n    \"48\": 0.00458,\n    \"49\": 0.04575,\n    \"52\": 0.00915,\n    \"56\": 0.0183,\n    \"58\": 0.00458,\n    \"60\": 0.04118,\n    \"63\": 0.00915,\n    \"66\": 0.06405,\n    \"68\": 0.00915,\n    \"69\": 0.00458,\n    \"70\": 0.00915,\n    \"71\": 0.00915,\n    \"72\": 0.00915,\n    \"73\": 0.00458,\n    \"74\": 0.0183,\n    \"75\": 0.01373,\n    \"76\": 0.01373,\n    \"77\": 0.00915,\n    \"78\": 0.0366,\n    \"79\": 0.13268,\n    \"80\": 0.02288,\n    \"81\": 0.02745,\n    \"83\": 0.02745,\n    \"84\": 0.00915,\n    \"85\": 0.13268,\n    \"86\": 0.03203,\n    \"87\": 0.04575,\n    \"88\": 0.02745,\n    \"89\": 0.02288,\n    \"90\": 0.0183,\n    \"91\": 0.0366,\n    \"92\": 0.02288,\n    \"93\": 0.05948,\n    \"94\": 0.05033,\n    \"95\": 0.0183,\n    \"96\": 0.03203,\n    \"97\": 0.00915,\n    \"98\": 0.01373,\n    \"99\": 0.0366,\n    \"100\": 0.02288,\n    \"101\": 0.03203,\n    \"102\": 0.0366,\n    \"103\": 0.15555,\n    \"104\": 0.11895,\n    \"105\": 0.05033,\n    \"106\": 0.1098,\n    \"107\": 0.06863,\n    \"108\": 0.10523,\n    \"109\": 1.6287,\n    \"110\": 0.06863,\n    \"111\": 0.12353,\n    \"112\": 0.1647,\n    \"113\": 0.23333,\n    \"114\": 1.56923,\n    \"115\": 13.03875,\n    \"116\": 6.9723,\n    \"117\": 0.01373,\n    _: \"4 5 6 7 8 9 10 11 12 13 14 15 16 17 18 19 20 21 22 23 24 25 26 27 28 29 30 31 32 33 35 36 37 39 40 41 42 44 45 46 50 51 53 54 55 57 59 61 62 64 65 67 118 119\"\n  },\n  F: {\n    \"28\": 0.00458,\n    \"31\": 0.01373,\n    \"40\": 0.01373,\n    \"46\": 0.01373,\n    \"76\": 0.00915,\n    \"85\": 0.00915,\n    \"95\": 0.11438,\n    \"99\": 0.03203,\n    \"100\": 1.12088,\n    \"101\": 0.77775,\n    \"102\": 0.01373,\n    _: \"9 11 12 15 16 17 18 19 20 21 22 23 24 25 26 27 29 30 32 33 34 35 36 37 38 39 41 42 43 44 45 47 48 49 50 51 52 53 54 55 56 57 58 60 62 63 64 65 66 67 68 69 70 71 72 73 74 75 77 78 79 80 81 82 83 84 86 87 88 89 90 91 92 93 94 96 97 98 9.5-9.6 10.5 10.6 11.1 11.5 11.6 12.1\",\n    \"10.0-10.1\": 0\n  },\n  B: {\n    \"15\": 0.00458,\n    \"17\": 0.00915,\n    \"18\": 0.00458,\n    \"90\": 0.01373,\n    \"92\": 0.00915,\n    \"103\": 0.00458,\n    \"106\": 0.00458,\n    \"107\": 0.01373,\n    \"108\": 0.0183,\n    \"109\": 0.10065,\n    \"110\": 0.0183,\n    \"111\": 0.02745,\n    \"112\": 0.03203,\n    \"113\": 0.0366,\n    \"114\": 0.28365,\n    \"115\": 4.56128,\n    \"116\": 1.49145,\n    _: \"12 13 14 16 79 80 81 83 84 85 86 87 88 89 91 93 94 95 96 97 98 99 100 101 102 104 105\"\n  },\n  E: {\n    \"4\": 0,\n    \"13\": 0.00915,\n    \"14\": 0.0549,\n    \"15\": 0.00915,\n    \"17\": 0.02288,\n    _: \"0 5 6 7 8 9 10 11 12 3.1 3.2 5.1 6.1 7.1 10.1\",\n    \"9.1\": 0.0366,\n    \"11.1\": 0.01373,\n    \"12.1\": 0.02288,\n    \"13.1\": 0.10523,\n    \"14.1\": 0.1647,\n    \"15.1\": 0.02745,\n    \"15.2-15.3\": 0.0183,\n    \"15.4\": 0.04118,\n    \"15.5\": 0.06405,\n    \"15.6\": 0.40718,\n    \"16.0\": 0.05033,\n    \"16.1\": 0.10065,\n    \"16.2\": 0.1098,\n    \"16.3\": 0.27908,\n    \"16.4\": 0.10523,\n    \"16.5\": 0.86925,\n    \"16.6\": 1.30388\n  },\n  G: {\n    \"8\": 0,\n    \"17\": 0.13244,\n    \"3.2\": 0,\n    \"4.0-4.1\": 0,\n    \"4.2-4.3\": 0,\n    \"5.0-5.1\": 0.00331,\n    \"6.0-6.1\": 0,\n    \"7.0-7.1\": 0.00993,\n    \"8.1-8.4\": 0.00166,\n    \"9.0-9.2\": 0.00828,\n    \"9.3\": 0.0596,\n    \"10.0-10.2\": 0.00166,\n    \"10.3\": 0.0596,\n    \"11.0-11.2\": 0.02483,\n    \"11.3-11.4\": 0.03973,\n    \"12.0-12.1\": 0.00993,\n    \"12.2-12.5\": 0.28474,\n    \"13.0-13.1\": 0.00497,\n    \"13.2\": 0.00331,\n    \"13.3\": 0.01324,\n    \"13.4-13.7\": 0.03476,\n    \"14.0-14.4\": 0.08939,\n    \"14.5-14.8\": 0.19203,\n    \"15.0-15.1\": 0.06953,\n    \"15.2-15.3\": 0.07946,\n    \"15.4\": 0.07946,\n    \"15.5\": 0.13575,\n    \"15.6-15.7\": 1.20517,\n    \"16.0\": 0.5463,\n    \"16.1\": 1.04956,\n    \"16.2\": 0.48505,\n    \"16.3\": 1.02638,\n    \"16.4\": 0.19369,\n    \"16.5\": 3.25131,\n    \"16.6\": 7.45119\n  },\n  P: {\n    \"4\": 0.0633,\n    \"20\": 0.1055,\n    \"21\": 0.26376,\n    \"22\": 3.0385,\n    \"5.0-5.4\": 0,\n    \"6.2-6.4\": 0,\n    \"7.2-7.4\": 0.19386,\n    \"8.2\": 0,\n    \"9.2\": 0.02041,\n    \"10.1\": 0,\n    \"11.1-11.2\": 0.01055,\n    \"12.0\": 0.0102,\n    \"13.0\": 0.0211,\n    \"14.0\": 0.01055,\n    \"15.0\": 0.02041,\n    \"16.0\": 0.01055,\n    \"17.0\": 0.03165,\n    \"18.0\": 0.0211,\n    \"19.0\": 0.05275\n  },\n  I: {\n    \"0\": 0,\n    \"3\": 0,\n    \"4\": 0.00513,\n    \"2.1\": 0,\n    \"2.2\": 0,\n    \"2.3\": 0,\n    \"4.1\": 0.0359,\n    \"4.2-4.3\": 0.02821,\n    \"4.4\": 0,\n    \"4.4.3-4.4.4\": 0.07181\n  },\n  K: {\n    _: \"0 10 11 12 11.1 11.5 12.1\"\n  },\n  A: {\n    \"8\": 0.01415,\n    \"9\": 0.01415,\n    \"11\": 0.12267,\n    _: \"6 7 10 5.5\"\n  },\n  S: {\n    \"2.5\": 0,\n    _: \"3.0-3.1\"\n  },\n  J: {\n    \"7\": 0,\n    \"10\": 0\n  },\n  N: {\n    \"10\": 0,\n    \"11\": 0\n  },\n  L: {\n    \"0\": 33.12368\n  },\n  R: {\n    _: \"0\"\n  },\n  M: {\n    \"0\": 0.47198\n  },\n  Q: {\n    \"13.1\": 0\n  },\n  O: {\n    \"0\": 0.1736\n  },\n  H: {\n    \"0\": 0.55469\n  }\n};","map":{"version":3,"names":["module","exports","C","_","D","F","B","E","G","P","I","K","A","S","J","N","L","R","M","Q","O","H"],"sources":["/Users/albertformatger/Documents/GitHub/web_musica/node_modules/caniuse-lite/data/regions/alt-eu.js"],