{"ast":null,"code":"module.exports = {\n  C: {\n    \"34\": 0.0018,\n    \"35\": 0.00361,\n    \"43\": 0.0018,\n    \"44\": 0.0018,\n    \"52\": 0.00902,\n    \"72\": 0.00541,\n    \"78\": 0.00902,\n    \"91\": 0.00541,\n    \"94\": 0.0018,\n    \"95\": 0.0018,\n    \"101\": 0.00361,\n    \"102\": 0.03245,\n    \"104\": 0.0018,\n    \"107\": 0.0018,\n    \"108\": 0.00361,\n    \"110\": 0.00541,\n    \"111\": 0.00361,\n    \"112\": 0.00541,\n    \"113\": 0.01262,\n    \"114\": 0.02885,\n    \"115\": 0.55713,\n    \"116\": 0.72481,\n    \"117\": 0.0595,\n    _: \"2 3 4 5 6 7 8 9 10 11 12 13 14 15 16 17 18 19 20 21 22 23 24 25 26 27 28 29 30 31 32 33 36 37 38 39 40 41 42 45 46 47 48 49 50 51 53 54 55 56 57 58 59 60 61 62 63 64 65 66 67 68 69 70 71 73 74 75 76 77 79 80 81 82 83 84 85 86 87 88 89 90 92 93 96 97 98 99 100 103 105 106 109 118 119 120 3.5 3.6\"\n  },\n  D: {\n    \"33\": 0.0018,\n    \"49\": 0.0018,\n    \"50\": 0.0018,\n    \"55\": 0.0018,\n    \"58\": 0.00361,\n    \"63\": 0.00361,\n    \"64\": 0.00361,\n    \"68\": 0.00541,\n    \"69\": 0.0018,\n    \"70\": 0.00541,\n    \"71\": 0.0018,\n    \"72\": 0.00361,\n    \"73\": 0.00361,\n    \"74\": 0.01262,\n    \"76\": 0.00361,\n    \"77\": 0.00721,\n    \"78\": 0.0018,\n    \"79\": 0.01983,\n    \"80\": 0.00902,\n    \"81\": 0.00361,\n    \"83\": 0.01983,\n    \"84\": 0.00721,\n    \"85\": 0.00361,\n    \"86\": 0.0018,\n    \"87\": 0.01983,\n    \"88\": 0.01082,\n    \"89\": 0.00721,\n    \"90\": 0.03065,\n    \"91\": 0.00721,\n    \"92\": 0.00541,\n    \"93\": 0.00541,\n    \"94\": 0.3011,\n    \"95\": 0.00902,\n    \"96\": 0.00361,\n    \"97\": 0.00541,\n    \"98\": 0.01442,\n    \"99\": 0.22177,\n    \"100\": 0.00361,\n    \"101\": 0.00361,\n    \"102\": 0.03426,\n    \"103\": 0.04688,\n    \"104\": 0.00541,\n    \"105\": 0.00902,\n    \"106\": 0.01442,\n    \"107\": 0.01442,\n    \"108\": 0.01803,\n    \"109\": 1.09082,\n    \"110\": 0.01442,\n    \"111\": 0.02885,\n    \"112\": 0.04508,\n    \"113\": 0.09015,\n    \"114\": 0.34798,\n    \"115\": 4.59044,\n    \"116\": 2.66123,\n    \"117\": 0.00541,\n    \"118\": 0.0018,\n    _: \"4 5 6 7 8 9 10 11 12 13 14 15 16 17 18 19 20 21 22 23 24 25 26 27 28 29 30 31 32 34 35 36 37 38 39 40 41 42 43 44 45 46 47 48 51 52 53 54 56 57 59 60 61 62 65 66 67 75 119\"\n  },\n  F: {\n    \"42\": 0.0018,\n    \"76\": 0.01623,\n    \"79\": 0.01442,\n    \"95\": 0.03426,\n    \"99\": 0.01623,\n    \"100\": 0.11539,\n    \"101\": 0.29569,\n    \"102\": 0.01082,\n    _: \"9 11 12 15 16 17 18 19 20 21 22 23 24 25 26 27 28 29 30 31 32 33 34 35 36 37 38 39 40 41 43 44 45 46 47 48 49 50 51 52 53 54 55 56 57 58 60 62 63 64 65 66 67 68 69 70 71 72 73 74 75 77 78 80 81 82 83 84 85 86 87 88 89 90 91 92 93 94 96 97 98 9.5-9.6 10.5 10.6 11.1 11.5 11.6 12.1\",\n    \"10.0-10.1\": 0\n  },\n  B: {\n    \"12\": 0.00721,\n    \"13\": 0.01983,\n    \"14\": 0.0018,\n    \"15\": 0.00361,\n    \"16\": 0.01082,\n    \"17\": 0.00361,\n    \"18\": 0.03786,\n    \"84\": 0.00361,\n    \"89\": 0.00902,\n    \"90\": 0.00721,\n    \"92\": 0.01983,\n    \"95\": 0.0018,\n    \"100\": 0.00361,\n    \"102\": 0.0018,\n    \"105\": 0.0018,\n    \"108\": 0.0018,\n    \"109\": 0.00902,\n    \"110\": 0.00541,\n    \"111\": 0.00721,\n    \"112\": 0.01262,\n    \"113\": 0.01442,\n    \"114\": 0.08294,\n    \"115\": 1.03853,\n    \"116\": 0.31372,\n    _: \"79 80 81 83 85 86 87 88 91 93 94 96 97 98 99 101 103 104 106 107\"\n  },\n  E: {\n    \"4\": 0,\n    \"13\": 0.00361,\n    \"14\": 0.00541,\n    \"17\": 0.0018,\n    _: \"0 5 6 7 8 9 10 11 12 15 3.1 3.2 6.1 7.1 9.1 10.1\",\n    \"5.1\": 0.00902,\n    \"11.1\": 0.0018,\n    \"12.1\": 0.00902,\n    \"13.1\": 0.02705,\n    \"14.1\": 0.02705,\n    \"15.1\": 0.00361,\n    \"15.2-15.3\": 0.02885,\n    \"15.4\": 0.00541,\n    \"15.5\": 0.00721,\n    \"15.6\": 0.05048,\n    \"16.0\": 0.0018,\n    \"16.1\": 0.01442,\n    \"16.2\": 0.00902,\n    \"16.3\": 0.01623,\n    \"16.4\": 0.02705,\n    \"16.5\": 0.07753,\n    \"16.6\": 0.07212\n  },\n  G: {\n    \"8\": 0,\n    \"17\": 0.03678,\n    \"3.2\": 0,\n    \"4.0-4.1\": 0,\n    \"4.2-4.3\": 0.00051,\n    \"5.0-5.1\": 0.00153,\n    \"6.0-6.1\": 0,\n    \"7.0-7.1\": 0.00511,\n    \"8.1-8.4\": 0,\n    \"9.0-9.2\": 0.00153,\n    \"9.3\": 0.02554,\n    \"10.0-10.2\": 0.00204,\n    \"10.3\": 0.01532,\n    \"11.0-11.2\": 0.00153,\n    \"11.3-11.4\": 0.00306,\n    \"12.0-12.1\": 0.00766,\n    \"12.2-12.5\": 0.45871,\n    \"13.0-13.1\": 0.00664,\n    \"13.2\": 0.00204,\n    \"13.3\": 0.01737,\n    \"13.4-13.7\": 0.04138,\n    \"14.0-14.4\": 0.12719,\n    \"14.5-14.8\": 0.16857,\n    \"15.0-15.1\": 0.07867,\n    \"15.2-15.3\": 0.0848,\n    \"15.4\": 0.07254,\n    \"15.5\": 0.09808,\n    \"15.6-15.7\": 0.73149,\n    \"16.0\": 0.16091,\n    \"16.1\": 0.24723,\n    \"16.2\": 0.22885,\n    \"16.3\": 0.33867,\n    \"16.4\": 0.22272,\n    \"16.5\": 0.86277,\n    \"16.6\": 1.05688\n  },\n  P: {\n    \"4\": 0.14831,\n    \"20\": 0.13772,\n    \"21\": 0.22247,\n    \"5.0-5.4\": 0.05024,\n    \"6.2-6.4\": 0.10048,\n    \"7.2-7.4\": 0.26484,\n    \"8.2\": 0.01005,\n    \"9.2\": 0.08475,\n    \"10.1\": 0.03014,\n    \"11.1-11.2\": 0.06356,\n    \"12.0\": 0.01005,\n    \"13.0\": 0.02119,\n    \"14.0\": 0.01059,\n    \"15.0\": 0.01059,\n    \"16.0\": 0.08475,\n    \"17.0\": 0.05297,\n    \"18.0\": 0.03178,\n    \"19.0\": 0.15891\n  },\n  I: {\n    \"0\": 0,\n    \"3\": 0,\n    \"4\": 0,\n    \"2.1\": 0,\n    \"2.2\": 0,\n    \"2.3\": 0,\n    \"4.1\": 0.00148,\n    \"4.2-4.3\": 0.00197,\n    \"4.4\": 0,\n    \"4.4.3-4.4.4\": 0.06212\n  },\n  K: {\n    _: \"0 10 11 12 11.1 11.5 12.1\"\n  },\n  A: {\n    \"11\": 0.03786,\n    _: \"6 7 8 9 10 5.5\"\n  },\n  S: {\n    \"2.5\": 1.40971,\n    _: \"3.0-3.1\"\n  },\n  J: {\n    \"7\": 0,\n    \"10\": 0\n  },\n  N: {\n    \"10\": 0.03278,\n    \"11\": 0\n  },\n  L: {\n    \"0\": 61.54629\n  },\n  R: {\n    _: \"0\"\n  },\n  M: {\n    \"0\": 0.11474\n  },\n  Q: {\n    \"13.1\": 0\n  },\n  O: {\n    \"0\": 0.59831\n  },\n  H: {\n    \"0\": 13.99804\n  }\n};","map":{"version":3,"names":["module","exports","C","_","D","F","B","E","G","P","I","K","A","S","J","N","L","R","M","Q","O","H"],"sources":["/Users/albertformatger/Documents/GitHub/web_musica/node_modules/caniuse-lite/data/regions/TZ.js"],