{"ast":null,"code":"module.exports = {\n  C: {\n    \"31\": 0.00542,\n    \"114\": 0.02167,\n    \"115\": 0.56347,\n    \"116\": 1.48453,\n    \"117\": 0.02167,\n    _: \"2 3 4 5 6 7 8 9 10 11 12 13 14 15 16 17 18 19 20 21 22 23 24 25 26 27 28 29 30 32 33 34 35 36 37 38 39 40 41 42 43 44 45 46 47 48 49 50 51 52 53 54 55 56 57 58 59 60 61 62 63 64 65 66 67 68 69 70 71 72 73 74 75 76 77 78 79 80 81 82 83 84 85 86 87 88 89 90 91 92 93 94 95 96 97 98 99 100 101 102 103 104 105 106 107 108 109 110 111 112 113 118 119 120 3.5 3.6\"\n  },\n  D: {\n    \"11\": 0.03251,\n    \"47\": 0.00542,\n    \"65\": 0.00542,\n    \"67\": 0.01625,\n    \"68\": 0.01084,\n    \"69\": 0.01625,\n    \"73\": 0.03793,\n    \"76\": 0.03251,\n    \"79\": 0.01625,\n    \"81\": 0.02709,\n    \"83\": 0.01625,\n    \"84\": 0.01625,\n    \"86\": 0.03793,\n    \"87\": 0.08669,\n    \"89\": 0.01084,\n    \"91\": 0.01084,\n    \"93\": 0.03251,\n    \"95\": 0.03793,\n    \"98\": 0.01625,\n    \"102\": 0.01625,\n    \"103\": 0.02709,\n    \"104\": 0.02167,\n    \"106\": 0.00542,\n    \"108\": 0.00542,\n    \"109\": 1.46286,\n    \"110\": 0.00542,\n    \"111\": 0.00542,\n    \"112\": 0.04334,\n    \"113\": 0.02167,\n    \"114\": 0.17879,\n    \"115\": 13.63711,\n    \"116\": 11.50783,\n    \"117\": 0.01084,\n    _: \"4 5 6 7 8 9 10 12 13 14 15 16 17 18 19 20 21 22 23 24 25 26 27 28 29 30 31 32 33 34 35 36 37 38 39 40 41 42 43 44 45 46 48 49 50 51 52 53 54 55 56 57 58 59 60 61 62 63 64 66 70 71 72 74 75 77 78 80 85 88 90 92 94 96 97 99 100 101 105 107 118 119\"\n  },\n  F: {\n    \"28\": 0.02709,\n    \"58\": 0.01084,\n    \"79\": 0.02167,\n    \"85\": 0.01625,\n    \"95\": 0.14087,\n    \"99\": 0.02167,\n    \"100\": 0.17879,\n    \"101\": 0.80728,\n    \"102\": 0.01084,\n    _: \"9 11 12 15 16 17 18 19 20 21 22 23 24 25 26 27 29 30 31 32 33 34 35 36 37 38 39 40 41 42 43 44 45 46 47 48 49 50 51 52 53 54 55 56 57 60 62 63 64 65 66 67 68 69 70 71 72 73 74 75 76 77 78 80 81 82 83 84 86 87 88 89 90 91 92 93 94 96 97 98 9.5-9.6 10.5 10.6 11.1 11.5 11.6 12.1\",\n    \"10.0-10.1\": 0\n  },\n  B: {\n    \"12\": 0.01084,\n    \"18\": 0.01084,\n    \"92\": 0.01625,\n    \"108\": 0.01084,\n    \"109\": 0.08127,\n    \"111\": 0.00542,\n    \"112\": 0.02167,\n    \"113\": 0.01625,\n    \"114\": 0.0596,\n    \"115\": 8.21911,\n    \"116\": 4.10143,\n    _: \"13 14 15 16 17 79 80 81 83 84 85 86 87 88 89 90 91 93 94 95 96 97 98 99 100 101 102 103 104 105 106 107 110\"\n  },\n  E: {\n    \"4\": 0,\n    _: \"0 5 6 7 8 9 10 11 12 13 14 15 17 3.1 3.2 5.1 6.1 7.1 9.1 10.1 11.1 12.1 14.1 15.1 15.2-15.3 15.4 15.5 16.0 16.1 16.4\",\n    \"13.1\": 0.14629,\n    \"15.6\": 0.02709,\n    \"16.2\": 0.01625,\n    \"16.3\": 0.02709,\n    \"16.5\": 0.00542,\n    \"16.6\": 0.01084\n  },\n  G: {\n    \"8\": 0.00418,\n    \"17\": 0.03967,\n    \"3.2\": 0,\n    \"4.0-4.1\": 0,\n    \"4.2-4.3\": 0,\n    \"5.0-5.1\": 0.00278,\n    \"6.0-6.1\": 0,\n    \"7.0-7.1\": 0.02227,\n    \"8.1-8.4\": 0,\n    \"9.0-9.2\": 0,\n    \"9.3\": 0.01809,\n    \"10.0-10.2\": 0.00139,\n    \"10.3\": 0.16842,\n    \"11.0-11.2\": 0.00139,\n    \"11.3-11.4\": 0.01461,\n    \"12.0-12.1\": 0.03828,\n    \"12.2-12.5\": 1.56725,\n    \"13.0-13.1\": 0,\n    \"13.2\": 0,\n    \"13.3\": 0.00278,\n    \"13.4-13.7\": 0.03201,\n    \"14.0-14.4\": 0.09465,\n    \"14.5-14.8\": 0.25402,\n    \"15.0-15.1\": 0.17329,\n    \"15.2-15.3\": 0.07516,\n    \"15.4\": 0.02853,\n    \"15.5\": 0.16424,\n    \"15.6-15.7\": 2.30703,\n    \"16.0\": 0.04802,\n    \"16.1\": 0.12388,\n    \"16.2\": 0.06472,\n    \"16.3\": 0.35284,\n    \"16.4\": 0.11205,\n    \"16.5\": 0.56858,\n    \"16.6\": 0.67993\n  },\n  P: {\n    \"4\": 0.085,\n    \"20\": 0.02428,\n    \"21\": 0.06071,\n    \"5.0-5.4\": 0.03109,\n    \"6.2-6.4\": 0,\n    \"7.2-7.4\": 0.13357,\n    \"8.2\": 0,\n    \"9.2\": 0.04145,\n    \"10.1\": 0,\n    \"11.1-11.2\": 0.05181,\n    \"12.0\": 0,\n    \"13.0\": 0,\n    \"14.0\": 0,\n    \"15.0\": 0.01036,\n    \"16.0\": 0.02072,\n    \"17.0\": 0.01036,\n    \"18.0\": 0.03109,\n    \"19.0\": 0.01214\n  },\n  I: {\n    \"0\": 0,\n    \"3\": 0,\n    \"4\": 0,\n    \"2.1\": 0.00004,\n    \"2.2\": 0,\n    \"2.3\": 0,\n    \"4.1\": 0.0018,\n    \"4.2-4.3\": 0.00223,\n    \"4.4\": 0,\n    \"4.4.3-4.4.4\": 0.03717\n  },\n  K: {\n    _: \"0 10 11 12 11.1 11.5 12.1\"\n  },\n  A: {\n    \"11\": 0.01084,\n    _: \"6 7 8 9 10 5.5\"\n  },\n  S: {\n    \"2.5\": 0.15121,\n    _: \"3.0-3.1\"\n  },\n  J: {\n    \"7\": 0,\n    \"10\": 0\n  },\n  N: {\n    \"10\": 0,\n    \"11\": 0\n  },\n  L: {\n    \"0\": 47.46301\n  },\n  R: {\n    _: \"0\"\n  },\n  M: {\n    \"0\": 0.02749\n  },\n  Q: {\n    \"13.1\": 0.00916\n  },\n  O: {\n    \"0\": 0.19244\n  },\n  H: {\n    \"0\": 0.63334\n  }\n};","map":{"version":3,"names":["module","exports","C","_","D","F","B","E","G","P","I","K","A","S","J","N","L","R","M","Q","O","H"],"sources":["/Users/albertformatger/Documents/GitHub/web_musica/node_modules/caniuse-lite/data/regions/CG.js"],