{"ast":null,"code":"module.exports = {\n  C: {\n    \"11\": 0.0088,\n    \"43\": 0.0088,\n    \"44\": 0.0044,\n    \"48\": 0.0044,\n    \"50\": 0.0088,\n    \"52\": 0.05279,\n    \"53\": 0.0044,\n    \"54\": 0.0044,\n    \"56\": 0.0088,\n    \"59\": 0.0044,\n    \"72\": 0.03079,\n    \"78\": 0.03959,\n    \"83\": 0.0088,\n    \"88\": 0.0044,\n    \"90\": 0.0044,\n    \"91\": 0.0088,\n    \"94\": 0.0132,\n    \"102\": 0.11877,\n    \"103\": 0.0176,\n    \"105\": 0.0044,\n    \"106\": 0.0044,\n    \"107\": 0.0044,\n    \"108\": 0.0088,\n    \"109\": 0.0088,\n    \"110\": 0.0088,\n    \"111\": 0.0132,\n    \"112\": 0.06599,\n    \"113\": 0.02639,\n    \"114\": 0.03079,\n    \"115\": 0.58067,\n    \"116\": 1.39008,\n    \"117\": 0.05279,\n    _: \"2 3 4 5 6 7 8 9 10 12 13 14 15 16 17 18 19 20 21 22 23 24 25 26 27 28 29 30 31 32 33 34 35 36 37 38 39 40 41 42 45 46 47 49 51 55 57 58 60 61 62 63 64 65 66 67 68 69 70 71 73 74 75 76 77 79 80 81 82 84 85 86 87 89 92 93 95 96 97 98 99 100 101 104 118 119 120 3.5 3.6\"\n  },\n  D: {\n    \"34\": 0.0044,\n    \"38\": 0.0132,\n    \"47\": 0.0044,\n    \"48\": 0.0176,\n    \"49\": 0.03079,\n    \"50\": 0.0132,\n    \"53\": 0.0088,\n    \"55\": 0.0044,\n    \"56\": 0.04839,\n    \"57\": 0.0044,\n    \"60\": 0.022,\n    \"61\": 0.0044,\n    \"62\": 0.0044,\n    \"63\": 0.0088,\n    \"65\": 0.0088,\n    \"66\": 0.02639,\n    \"67\": 0.0044,\n    \"68\": 0.03959,\n    \"69\": 0.06599,\n    \"70\": 0.03959,\n    \"71\": 0.022,\n    \"72\": 0.02639,\n    \"73\": 0.03079,\n    \"74\": 0.04839,\n    \"75\": 0.04839,\n    \"76\": 0.09678,\n    \"77\": 0.02639,\n    \"78\": 0.03959,\n    \"79\": 0.20235,\n    \"80\": 0.07918,\n    \"81\": 0.05719,\n    \"83\": 0.11437,\n    \"84\": 0.03079,\n    \"85\": 0.08358,\n    \"86\": 0.09238,\n    \"87\": 0.08798,\n    \"88\": 0.04839,\n    \"89\": 0.03959,\n    \"90\": 0.04839,\n    \"91\": 0.06159,\n    \"92\": 0.03519,\n    \"93\": 0.12757,\n    \"94\": 0.03079,\n    \"95\": 0.0176,\n    \"96\": 0.02639,\n    \"97\": 0.02639,\n    \"98\": 0.06159,\n    \"99\": 0.04399,\n    \"100\": 0.03519,\n    \"101\": 0.03519,\n    \"102\": 0.03959,\n    \"103\": 0.21115,\n    \"104\": 0.05279,\n    \"105\": 0.04839,\n    \"106\": 0.05279,\n    \"107\": 0.12317,\n    \"108\": 0.18036,\n    \"109\": 1.83878,\n    \"110\": 0.14957,\n    \"111\": 0.28594,\n    \"112\": 0.22875,\n    \"113\": 0.25514,\n    \"114\": 2.10712,\n    \"115\": 12.80989,\n    \"116\": 5.7231,\n    \"117\": 0.0176,\n    \"118\": 0.0044,\n    _: \"4 5 6 7 8 9 10 11 12 13 14 15 16 17 18 19 20 21 22 23 24 25 26 27 28 29 30 31 32 33 35 36 37 39 40 41 42 43 44 45 46 51 52 54 58 59 64 119\"\n  },\n  F: {\n    \"28\": 0.0044,\n    \"46\": 0.0132,\n    \"85\": 0.0044,\n    \"95\": 0.05719,\n    \"97\": 0.07918,\n    \"99\": 0.03079,\n    \"100\": 0.83581,\n    \"101\": 0.46629,\n    \"102\": 0.0088,\n    _: \"9 11 12 15 16 17 18 19 20 21 22 23 24 25 26 27 29 30 31 32 33 34 35 36 37 38 39 40 41 42 43 44 45 47 48 49 50 51 52 53 54 55 56 57 58 60 62 63 64 65 66 67 68 69 70 71 72 73 74 75 76 77 78 79 80 81 82 83 84 86 87 88 89 90 91 92 93 94 96 98 9.5-9.6 10.5 10.6 11.1 11.5 11.6 12.1\",\n    \"10.0-10.1\": 0\n  },\n  B: {\n    \"12\": 0.0044,\n    \"13\": 0.0044,\n    \"14\": 0.0044,\n    \"15\": 0.0044,\n    \"17\": 0.0044,\n    \"18\": 0.0088,\n    \"80\": 0.0044,\n    \"81\": 0.0044,\n    \"83\": 0.0044,\n    \"84\": 0.0088,\n    \"85\": 0.0044,\n    \"86\": 0.0088,\n    \"87\": 0.0044,\n    \"88\": 0.0044,\n    \"89\": 0.0044,\n    \"90\": 0.0088,\n    \"92\": 0.0132,\n    \"99\": 0.0176,\n    \"107\": 0.0088,\n    \"108\": 0.0132,\n    \"109\": 0.08358,\n    \"110\": 0.0132,\n    \"111\": 0.09238,\n    \"112\": 0.09678,\n    \"113\": 0.03519,\n    \"114\": 0.60706,\n    \"115\": 3.20687,\n    \"116\": 1.03377,\n    _: \"16 79 91 93 94 95 96 97 98 100 101 102 103 104 105 106\"\n  },\n  E: {\n    \"4\": 0,\n    \"13\": 0.0176,\n    \"14\": 0.10558,\n    \"15\": 0.0176,\n    \"17\": 0.02639,\n    _: \"0 5 6 7 8 9 10 11 12 3.1 3.2 6.1 7.1 10.1\",\n    \"5.1\": 0.0088,\n    \"9.1\": 0.14077,\n    \"11.1\": 0.0044,\n    \"12.1\": 0.03079,\n    \"13.1\": 0.13637,\n    \"14.1\": 0.25514,\n    \"15.1\": 0.03959,\n    \"15.2-15.3\": 0.03519,\n    \"15.4\": 0.07038,\n    \"15.5\": 0.12317,\n    \"15.6\": 0.57627,\n    \"16.0\": 0.17156,\n    \"16.1\": 0.18036,\n    \"16.2\": 0.18476,\n    \"16.3\": 0.4223,\n    \"16.4\": 0.18916,\n    \"16.5\": 1.15254,\n    \"16.6\": 1.65402\n  },\n  G: {\n    \"8\": 0,\n    \"17\": 0.09652,\n    \"3.2\": 0,\n    \"4.0-4.1\": 0,\n    \"4.2-4.3\": 0.0028,\n    \"5.0-5.1\": 0.0042,\n    \"6.0-6.1\": 0.0028,\n    \"7.0-7.1\": 0.01259,\n    \"8.1-8.4\": 0.0042,\n    \"9.0-9.2\": 0.00839,\n    \"9.3\": 0.03917,\n    \"10.0-10.2\": 0.0028,\n    \"10.3\": 0.05455,\n    \"11.0-11.2\": 0.02238,\n    \"11.3-11.4\": 0.01958,\n    \"12.0-12.1\": 0.01539,\n    \"12.2-12.5\": 0.25738,\n    \"13.0-13.1\": 0.00699,\n    \"13.2\": 0.01119,\n    \"13.3\": 0.01818,\n    \"13.4-13.7\": 0.05735,\n    \"14.0-14.4\": 0.14967,\n    \"14.5-14.8\": 0.25738,\n    \"15.0-15.1\": 0.09652,\n    \"15.2-15.3\": 0.10631,\n    \"15.4\": 0.1203,\n    \"15.5\": 0.17066,\n    \"15.6-15.7\": 1.13864,\n    \"16.0\": 0.43783,\n    \"16.1\": 0.86307,\n    \"16.2\": 0.44063,\n    \"16.3\": 0.87986,\n    \"16.4\": 0.21122,\n    \"16.5\": 2.6032,\n    \"16.6\": 5.87084\n  },\n  P: {\n    \"4\": 0.11595,\n    \"20\": 0.08432,\n    \"21\": 0.21081,\n    \"5.0-5.4\": 0,\n    \"6.2-6.4\": 0,\n    \"7.2-7.4\": 0.04216,\n    \"8.2\": 0,\n    \"9.2\": 0.02036,\n    \"10.1\": 0.02036,\n    \"11.1-11.2\": 0.01054,\n    \"12.0\": 0,\n    \"13.0\": 0.02108,\n    \"14.0\": 0.02108,\n    \"15.0\": 0.01018,\n    \"16.0\": 0.03162,\n    \"17.0\": 0.03162,\n    \"18.0\": 0.03162,\n    \"19.0\": 0.0527\n  },\n  I: {\n    \"0\": 0,\n    \"3\": 0,\n    \"4\": 0.01369,\n    \"2.1\": 0,\n    \"2.2\": 0.00685,\n    \"2.3\": 0,\n    \"4.1\": 0.02739,\n    \"4.2-4.3\": 0.04793,\n    \"4.4\": 0,\n    \"4.4.3-4.4.4\": 0.21225\n  },\n  K: {\n    _: \"0 10 11 12 11.1 11.5 12.1\"\n  },\n  A: {\n    \"8\": 0.02687,\n    \"9\": 0.05374,\n    \"11\": 0.41648,\n    _: \"6 7 10 5.5\"\n  },\n  S: {\n    \"2.5\": 0.05602,\n    _: \"3.0-3.1\"\n  },\n  J: {\n    \"7\": 0,\n    \"10\": 0\n  },\n  N: {\n    \"10\": 0,\n    \"11\": 0\n  },\n  L: {\n    \"0\": 37.54862\n  },\n  R: {\n    _: \"0\"\n  },\n  M: {\n    \"0\": 0.26329\n  },\n  Q: {\n    \"13.1\": 0.17366\n  },\n  O: {\n    \"0\": 1.00276\n  },\n  H: {\n    \"0\": 1.08194\n  }\n};","map":{"version":3,"names":["module","exports","C","_","D","F","B","E","G","P","I","K","A","S","J","N","L","R","M","Q","O","H"],"sources":["/Users/albertformatger/Documents/GitHub/web_musica/node_modules/caniuse-lite/data/regions/alt-ww.js"],