{"ast":null,"code":"module.exports = {\n  C: {\n    \"7\": 0.05102,\n    \"27\": 0.00425,\n    \"42\": 0.03402,\n    \"45\": 0.03402,\n    \"50\": 0.0978,\n    \"52\": 0.14457,\n    \"54\": 0.11055,\n    \"66\": 0.00425,\n    \"68\": 0.00425,\n    \"73\": 0.00425,\n    \"78\": 0.01276,\n    \"86\": 0.00425,\n    \"88\": 0.01276,\n    \"91\": 0.03402,\n    \"99\": 0.00425,\n    \"102\": 0.03827,\n    \"103\": 0.00425,\n    \"104\": 0.00425,\n    \"105\": 0.00425,\n    \"106\": 0.00425,\n    \"107\": 0.00425,\n    \"108\": 0.0085,\n    \"109\": 0.0085,\n    \"110\": 0.0085,\n    \"111\": 0.0085,\n    \"112\": 0.0085,\n    \"113\": 0.02126,\n    \"114\": 0.03402,\n    \"115\": 0.5315,\n    \"116\": 1.01198,\n    \"117\": 0.04252,\n    _: \"2 3 4 5 6 8 9 10 11 12 13 14 15 16 17 18 19 20 21 22 23 24 25 26 28 29 30 31 32 33 34 35 36 37 38 39 40 41 43 44 46 47 48 49 51 53 55 56 57 58 59 60 61 62 63 64 65 67 69 70 71 72 74 75 76 77 79 80 81 82 83 84 85 87 89 90 92 93 94 95 96 97 98 100 101 118 119 120 3.5 3.6\"\n  },\n  D: {\n    \"38\": 0.01701,\n    \"47\": 0.05102,\n    \"49\": 0.05528,\n    \"51\": 0.0085,\n    \"53\": 0.00425,\n    \"55\": 0.05528,\n    \"57\": 0.11055,\n    \"60\": 0.31465,\n    \"62\": 0.0085,\n    \"63\": 0.00425,\n    \"65\": 0.00425,\n    \"66\": 0.01276,\n    \"68\": 0.01276,\n    \"70\": 0.00425,\n    \"71\": 0.00425,\n    \"72\": 0.00425,\n    \"73\": 0.0085,\n    \"74\": 0.0085,\n    \"75\": 0.01276,\n    \"76\": 0.0085,\n    \"77\": 0.01276,\n    \"78\": 0.0085,\n    \"79\": 0.14882,\n    \"80\": 0.01276,\n    \"81\": 0.02976,\n    \"83\": 0.01276,\n    \"84\": 0.0085,\n    \"85\": 0.02551,\n    \"86\": 0.02126,\n    \"87\": 0.05102,\n    \"88\": 0.02551,\n    \"89\": 0.01276,\n    \"90\": 0.01701,\n    \"91\": 0.38268,\n    \"92\": 0.01701,\n    \"93\": 0.01276,\n    \"94\": 0.01276,\n    \"95\": 0.01276,\n    \"96\": 0.01701,\n    \"97\": 0.01701,\n    \"98\": 0.01276,\n    \"99\": 0.02126,\n    \"100\": 0.01701,\n    \"101\": 0.01701,\n    \"102\": 0.02126,\n    \"103\": 0.08929,\n    \"104\": 0.02126,\n    \"105\": 0.04252,\n    \"106\": 0.04252,\n    \"107\": 0.05953,\n    \"108\": 0.07654,\n    \"109\": 3.21026,\n    \"110\": 0.04677,\n    \"111\": 0.06378,\n    \"112\": 0.10205,\n    \"113\": 0.12756,\n    \"114\": 0.84615,\n    \"115\": 14.84373,\n    \"116\": 8.8314,\n    \"117\": 0.01276,\n    _: \"4 5 6 7 8 9 10 11 12 13 14 15 16 17 18 19 20 21 22 23 24 25 26 27 28 29 30 31 32 33 34 35 36 37 39 40 41 42 43 44 45 46 48 50 52 54 56 58 59 61 64 67 69 118 119\"\n  },\n  F: {\n    \"28\": 0.01276,\n    \"85\": 0.00425,\n    \"95\": 0.08929,\n    \"99\": 0.02551,\n    \"100\": 2.20679,\n    \"101\": 0.82914,\n    \"102\": 0.01276,\n    _: \"9 11 12 15 16 17 18 19 20 21 22 23 24 25 26 27 29 30 31 32 33 34 35 36 37 38 39 40 41 42 43 44 45 46 47 48 49 50 51 52 53 54 55 56 57 58 60 62 63 64 65 66 67 68 69 70 71 72 73 74 75 76 77 78 79 80 81 82 83 84 86 87 88 89 90 91 92 93 94 96 97 98 9.5-9.6 10.5 10.6 11.1 11.5 11.6 12.1\",\n    \"10.0-10.1\": 0\n  },\n  B: {\n    \"12\": 0.05102,\n    \"13\": 0.10205,\n    \"14\": 0.1063,\n    \"15\": 0.07654,\n    \"18\": 0.0085,\n    \"92\": 0.01701,\n    \"107\": 0.00425,\n    \"108\": 0.00425,\n    \"109\": 0.05528,\n    \"110\": 0.0085,\n    \"111\": 0.0085,\n    \"112\": 0.0085,\n    \"113\": 0.01276,\n    \"114\": 0.12331,\n    \"115\": 2.15576,\n    \"116\": 0.80363,\n    _: \"16 17 79 80 81 83 84 85 86 87 88 89 90 91 93 94 95 96 97 98 99 100 101 102 103 104 105 106\"\n  },\n  E: {\n    \"4\": 0,\n    \"14\": 0.01701,\n    \"17\": 0.00425,\n    _: \"0 5 6 7 8 9 10 11 12 13 15 3.1 3.2 6.1 7.1 10.1 11.1 12.1\",\n    \"5.1\": 0.01701,\n    \"9.1\": 0.01276,\n    \"13.1\": 0.02551,\n    \"14.1\": 0.03827,\n    \"15.1\": 0.00425,\n    \"15.2-15.3\": 0.00425,\n    \"15.4\": 0.01276,\n    \"15.5\": 0.01276,\n    \"15.6\": 0.07654,\n    \"16.0\": 0.0085,\n    \"16.1\": 0.02551,\n    \"16.2\": 0.01701,\n    \"16.3\": 0.05528,\n    \"16.4\": 0.02551,\n    \"16.5\": 0.17433,\n    \"16.6\": 0.19134\n  },\n  G: {\n    \"8\": 0.00068,\n    \"17\": 0.04586,\n    \"3.2\": 0.00068,\n    \"4.0-4.1\": 0,\n    \"4.2-4.3\": 0,\n    \"5.0-5.1\": 0.00548,\n    \"6.0-6.1\": 0,\n    \"7.0-7.1\": 0.00479,\n    \"8.1-8.4\": 0.00274,\n    \"9.0-9.2\": 0.00274,\n    \"9.3\": 0.01916,\n    \"10.0-10.2\": 0.00205,\n    \"10.3\": 0.02601,\n    \"11.0-11.2\": 0.0089,\n    \"11.3-11.4\": 0.01848,\n    \"12.0-12.1\": 0.00684,\n    \"12.2-12.5\": 0.09855,\n    \"13.0-13.1\": 0.00342,\n    \"13.2\": 0.00205,\n    \"13.3\": 0.00548,\n    \"13.4-13.7\": 0.01437,\n    \"14.0-14.4\": 0.03217,\n    \"14.5-14.8\": 0.08487,\n    \"15.0-15.1\": 0.01916,\n    \"15.2-15.3\": 0.02875,\n    \"15.4\": 0.03011,\n    \"15.5\": 0.0527,\n    \"15.6-15.7\": 0.65771,\n    \"16.0\": 0.20943,\n    \"16.1\": 0.37916,\n    \"16.2\": 0.17384,\n    \"16.3\": 0.40791,\n    \"16.4\": 0.06707,\n    \"16.5\": 1.25109,\n    \"16.6\": 3.17906\n  },\n  P: {\n    \"4\": 0.15564,\n    \"20\": 0.08301,\n    \"21\": 0.16601,\n    \"22\": 1.75349,\n    \"5.0-5.4\": 0,\n    \"6.2-6.4\": 0,\n    \"7.2-7.4\": 0.21789,\n    \"8.2\": 0,\n    \"9.2\": 0.02041,\n    \"10.1\": 0,\n    \"11.1-11.2\": 0.02075,\n    \"12.0\": 0.0102,\n    \"13.0\": 0.02075,\n    \"14.0\": 0.01055,\n    \"15.0\": 0.02041,\n    \"16.0\": 0.0415,\n    \"17.0\": 0.07263,\n    \"18.0\": 0.02075,\n    \"19.0\": 0.05188\n  },\n  I: {\n    \"0\": 0,\n    \"3\": 0,\n    \"4\": 0,\n    \"2.1\": 0,\n    \"2.2\": 0,\n    \"2.3\": 0,\n    \"4.1\": 0.00635,\n    \"4.2-4.3\": 0.00212,\n    \"4.4\": 0,\n    \"4.4.3-4.4.4\": 0.03177\n  },\n  K: {\n    _: \"0 10 11 12 11.1 11.5 12.1\"\n  },\n  A: {\n    \"8\": 0.00861,\n    \"9\": 0.10758,\n    \"11\": 0.24098,\n    _: \"6 7 10 5.5\"\n  },\n  S: {\n    \"2.5\": 0,\n    _: \"3.0-3.1\"\n  },\n  J: {\n    \"7\": 0,\n    \"10\": 0\n  },\n  N: {\n    \"10\": 0,\n    \"11\": 0\n  },\n  L: {\n    \"0\": 48.94621\n  },\n  R: {\n    _: \"0\"\n  },\n  M: {\n    \"0\": 0.12648\n  },\n  Q: {\n    \"13.1\": 0\n  },\n  O: {\n    \"0\": 0.06324\n  },\n  H: {\n    \"0\": 0.23948\n  }\n};","map":{"version":3,"names":["module","exports","C","_","D","F","B","E","G","P","I","K","A","S","J","N","L","R","M","Q","O","H"],"sources":["/Users/albertformatger/Documents/GitHub/web_musica/node_modules/caniuse-lite/data/regions/alt-sa.js"],